"InvoiceNo","StockCode","Description","Quantity","InvoiceDate","UnitPrice","CustomerID","Country"
"536365","85123A","WHITE HANGING HEART T-LIGHT HOLDER",6,"12/1/10 8:26",2.55,17850,"United Kingdom"
"536365","71053","WHITE METAL LANTERN",6,"12/1/10 8:26",3.39,17850,"United Kingdom"
"536365","84406B","CREAM CUPID HEARTS COAT HANGER",8,"12/1/10 8:26",2.75,17850,"United Kingdom"
"536365","84029G","KNITTED UNION FLAG HOT WATER BOTTLE",6,"12/1/10 8:26",3.39,17850,"United Kingdom"
"536365","84029E","RED WOOLLY HOTTIE WHITE HEART.",6,"12/1/10 8:26",3.39,17850,"United Kingdom"
"536365","22752","SET 7 BABUSHKA NESTING BOXES",2,"12/1/10 8:26",7.65,17850,"United Kingdom"
"536365","21730","GLASS STAR FROSTED T-LIGHT HOLDER",6,"12/1/10 8:26",4.25,17850,"United Kingdom"
"536366","22633","HAND WARMER UNION JACK",6,"12/1/10 8:28",1.85,17850,"United Kingdom"
"536366","22632","HAND WARMER RED POLKA DOT",6,"12/1/10 8:28",1.85,17850,"United Kingdom"
"536367","84879","ASSORTED COLOUR BIRD ORNAMENT",32,"12/1/10 8:34",1.69,13047,"United Kingdom"
"536367","22745","POPPY'S PLAYHOUSE BEDROOM ",6,"12/1/10 8:34",2.1,13047,"United Kingdom"
"536367","22748","POPPY'S PLAYHOUSE KITCHEN",6,"12/1/10 8:34",2.1,13047,"United Kingdom"
"536367","22749","FELTCRAFT PRINCESS CHARLOTTE DOLL",8,"12/1/10 8:34",3.75,13047,"United Kingdom"
"536367","22310","IVORY KNITTED MUG COSY ",6,"12/1/10 8:34",1.65,13047,"United Kingdom"
"536367","84969","BOX OF 6 ASSORTED COLOUR TEASPOONS",6,"12/1/10 8:34",4.25,13047,"United Kingdom"
"536367","22623","BOX OF VINTAGE JIGSAW BLOCKS ",3,"12/1/10 8:34",4.95,13047,"United Kingdom"
"536367","22622","BOX OF VINTAGE ALPHABET BLOCKS",2,"12/1/10 8:34",9.95,13047,"United Kingdom"
"536367","21754","HOME BUILDING BLOCK WORD",3,"12/1/10 8:34",5.95,13047,"United Kingdom"
"536367","21755","LOVE BUILDING BLOCK WORD",3,"12/1/10 8:34",5.95,13047,"United Kingdom"
"536367","21777","RECIPE BOX WITH METAL HEART",4,"12/1/10 8:34",7.95,13047,"United Kingdom"
"536367","48187","DOORMAT NEW ENGLAND",4,"12/1/10 8:34",7.95,13047,"United Kingdom"
"536368","22960","JAM MAKING SET WITH JARS",6,"12/1/10 8:34",4.25,13047,"United Kingdom"
"536368","22913","RED COAT RACK PARIS FASHION",3,"12/1/10 8:34",4.95,13047,"United Kingdom"
"536368","22912","YELLOW COAT RACK PARIS FASHION",3,"12/1/10 8:34",4.95,13047,"United Kingdom"
"536368","22914","BLUE COAT RACK PARIS FASHION",3,"12/1/10 8:34",4.95,13047,"United Kingdom"
"536369","21756","BATH BUILDING BLOCK WORD",3,"12/1/10 8:35",5.95,13047,"United Kingdom"
"536370","22728","ALARM CLOCK BAKELIKE PINK",24,"12/1/10 8:45",3.75,12583,"France"
"536370","22727","ALARM CLOCK BAKELIKE RED ",24,"12/1/10 8:45",3.75,12583,"France"
"536370","22726","ALARM CLOCK BAKELIKE GREEN",12,"12/1/10 8:45",3.75,12583,"France"
"536370","21724","PANDA AND BUNNIES STICKER SHEET",12,"12/1/10 8:45",0.85,12583,"France"
"536370","21883","STARS GIFT TAPE ",24,"12/1/10 8:45",0.65,12583,"France"
"536370","10002","INFLATABLE POLITICAL GLOBE ",48,"12/1/10 8:45",0.85,12583,"France"
"536370","21791","VINTAGE HEADS AND TAILS CARD GAME ",24,"12/1/10 8:45",1.25,12583,"France"
"536370","21035","SET/2 RED RETROSPOT TEA TOWELS ",18,"12/1/10 8:45",2.95,12583,"France"
"536370","22326","ROUND SNACK BOXES SET OF4 WOODLAND ",24,"12/1/10 8:45",2.95,12583,"France"
"536370","22629","SPACEBOY LUNCH BOX ",24,"12/1/10 8:45",1.95,12583,"France"
"536370","22659","LUNCH BOX I LOVE LONDON",24,"12/1/10 8:45",1.95,12583,"France"
"536370","22631","CIRCUS PARADE LUNCH BOX ",24,"12/1/10 8:45",1.95,12583,"France"
"536370","22661","CHARLOTTE BAG DOLLY GIRL DESIGN",20,"12/1/10 8:45",0.85,12583,"France"
"536370","21731","RED TOADSTOOL LED NIGHT LIGHT",24,"12/1/10 8:45",1.65,12583,"France"
"536370","22900"," SET 2 TEA TOWELS I LOVE LONDON ",24,"12/1/10 8:45",2.95,12583,"France"
"536370","21913","VINTAGE SEASIDE JIGSAW PUZZLES",12,"12/1/10 8:45",3.75,12583,"France"
"536370","22540","MINI JIGSAW CIRCUS PARADE ",24,"12/1/10 8:45",0.42,12583,"France"
"536370","22544","MINI JIGSAW SPACEBOY",24,"12/1/10 8:45",0.42,12583,"France"
"536370","22492","MINI PAINT SET VINTAGE ",36,"12/1/10 8:45",0.65,12583,"France"
"536370","POST","POSTAGE",3,"12/1/10 8:45",18,12583,"France"
"536371","22086","PAPER CHAIN KIT 50'S CHRISTMAS ",80,"12/1/10 9:00",2.55,13748,"United Kingdom"
"536372","22632","HAND WARMER RED POLKA DOT",6,"12/1/10 9:01",1.85,17850,"United Kingdom"
"536372","22633","HAND WARMER UNION JACK",6,"12/1/10 9:01",1.85,17850,"United Kingdom"
"536373","85123A","WHITE HANGING HEART T-LIGHT HOLDER",6,"12/1/10 9:02",2.55,17850,"United Kingdom"
"536373","71053","WHITE METAL LANTERN",6,"12/1/10 9:02",3.39,17850,"United Kingdom"
"536373","84406B","CREAM CUPID HEARTS COAT HANGER",8,"12/1/10 9:02",2.75,17850,"United Kingdom"
"536373","20679","EDWARDIAN PARASOL RED",6,"12/1/10 9:02",4.95,17850,"United Kingdom"
"536373","37370","RETRO COFFEE MUGS ASSORTED",6,"12/1/10 9:02",1.06,17850,"United Kingdom"
"536373","21871","SAVE THE PLANET MUG",6,"12/1/10 9:02",1.06,17850,"United Kingdom"
"536373","21071","VINTAGE BILLBOARD DRINK ME MUG",6,"12/1/10 9:02",1.06,17850,"United Kingdom"
"536373","21068","VINTAGE BILLBOARD LOVE/HATE MUG",6,"12/1/10 9:02",1.06,17850,"United Kingdom"
"536373","82483","WOOD 2 DRAWER CABINET WHITE FINISH",2,"12/1/10 9:02",4.95,17850,"United Kingdom"
"536373","82486","WOOD S/3 CABINET ANT WHITE FINISH",4,"12/1/10 9:02",6.95,17850,"United Kingdom"
"536373","82482","WOODEN PICTURE FRAME WHITE FINISH",6,"12/1/10 9:02",2.1,17850,"United Kingdom"
"536373","82494L","WOODEN FRAME ANTIQUE WHITE ",6,"12/1/10 9:02",2.55,17850,"United Kingdom"
"536373","84029G","KNITTED UNION FLAG HOT WATER BOTTLE",6,"12/1/10 9:02",3.39,17850,"United Kingdom"
"536373","84029E","RED WOOLLY HOTTIE WHITE HEART.",6,"12/1/10 9:02",3.39,17850,"United Kingdom"
"536373","22752","SET 7 BABUSHKA NESTING BOXES",2,"12/1/10 9:02",7.65,17850,"United Kingdom"
"536373","21730","GLASS STAR FROSTED T-LIGHT HOLDER",6,"12/1/10 9:02",4.25,17850,"United Kingdom"
"536374","21258","VICTORIAN SEWING BOX LARGE",32,"12/1/10 9:09",10.95,15100,"United Kingdom"
"536375","85123A","WHITE HANGING HEART T-LIGHT HOLDER",6,"12/1/10 9:32",2.55,17850,"United Kingdom"
"536375","71053","WHITE METAL LANTERN",6,"12/1/10 9:32",3.39,17850,"United Kingdom"
"536375","84406B","CREAM CUPID HEARTS COAT HANGER",8,"12/1/10 9:32",2.75,17850,"United Kingdom"
"536375","20679","EDWARDIAN PARASOL RED",6,"12/1/10 9:32",4.95,17850,"United Kingdom"
"536375","37370","RETRO COFFEE MUGS ASSORTED",6,"12/1/10 9:32",1.06,17850,"United Kingdom"
"536375","21871","SAVE THE PLANET MUG",6,"12/1/10 9:32",1.06,17850,"United Kingdom"
"536375","21071","VINTAGE BILLBOARD DRINK ME MUG",6,"12/1/10 9:32",1.06,17850,"United Kingdom"
"536375","21068","VINTAGE BILLBOARD LOVE/HATE MUG",6,"12/1/10 9:32",1.06,17850,"United Kingdom"
"536375","82483","WOOD 2 DRAWER CABINET WHITE FINISH",2,"12/1/10 9:32",4.95,17850,"United Kingdom"
"536375","82486","WOOD S/3 CABINET ANT WHITE FINISH",4,"12/1/10 9:32",6.95,17850,"United Kingdom"
"536375","82482","WOODEN PICTURE FRAME WHITE FINISH",6,"12/1/10 9:32",2.1,17850,"United Kingdom"
"536375","82494L","WOODEN FRAME ANTIQUE WHITE ",6,"12/1/10 9:32",2.55,17850,"United Kingdom"
"536375","84029G","KNITTED UNION FLAG HOT WATER BOTTLE",6,"12/1/10 9:32",3.39,17850,"United Kingdom"
"536375","84029E","RED WOOLLY HOTTIE WHITE HEART.",6,"12/1/10 9:32",3.39,17850,"United Kingdom"
"536375","22752","SET 7 BABUSHKA NESTING BOXES",2,"12/1/10 9:32",7.65,17850,"United Kingdom"
"536375","21730","GLASS STAR FROSTED T-LIGHT HOLDER",6,"12/1/10 9:32",4.25,17850,"United Kingdom"
"536376","22114","HOT WATER BOTTLE TEA AND SYMPATHY",48,"12/1/10 9:32",3.45,15291,"United Kingdom"
"536376","21733","RED HANGING HEART T-LIGHT HOLDER",64,"12/1/10 9:32",2.55,15291,"United Kingdom"
"536377","22632","HAND WARMER RED POLKA DOT",6,"12/1/10 9:34",1.85,17850,"United Kingdom"
"536377","22633","HAND WARMER UNION JACK",6,"12/1/10 9:34",1.85,17850,"United Kingdom"
"536378","22386","JUMBO BAG PINK POLKADOT",10,"12/1/10 9:37",1.95,14688,"United Kingdom"
"536378","85099C","JUMBO  BAG BAROQUE BLACK WHITE",10,"12/1/10 9:37",1.95,14688,"United Kingdom"
"536378","21033","JUMBO BAG CHARLIE AND LOLA TOYS",10,"12/1/10 9:37",2.95,14688,"United Kingdom"
"536378","20723","STRAWBERRY CHARLOTTE BAG",10,"12/1/10 9:37",0.85,14688,"United Kingdom"
"536378","84997B","RED 3 PIECE RETROSPOT CUTLERY SET",12,"12/1/10 9:37",3.75,14688,"United Kingdom"
"536378","84997C","BLUE 3 PIECE POLKADOT CUTLERY SET",6,"12/1/10 9:37",3.75,14688,"United Kingdom"
"536378","21094","SET/6 RED SPOTTY PAPER PLATES",12,"12/1/10 9:37",0.85,14688,"United Kingdom"
"536378","20725","LUNCH BAG RED RETROSPOT",10,"12/1/10 9:37",1.65,14688,"United Kingdom"
"536378","21559","STRAWBERRY LUNCH BOX WITH CUTLERY",6,"12/1/10 9:37",2.55,14688,"United Kingdom"
"536378","22352","LUNCH BOX WITH CUTLERY RETROSPOT ",6,"12/1/10 9:37",2.55,14688,"United Kingdom"
"536378","21212","PACK OF 72 RETROSPOT CAKE CASES",120,"12/1/10 9:37",0.42,14688,"United Kingdom"
"536378","21975","PACK OF 60 DINOSAUR CAKE CASES",24,"12/1/10 9:37",0.55,14688,"United Kingdom"
"536378","21977","PACK OF 60 PINK PAISLEY CAKE CASES",24,"12/1/10 9:37",0.55,14688,"United Kingdom"
"536378","84991","60 TEATIME FAIRY CAKE CASES",24,"12/1/10 9:37",0.55,14688,"United Kingdom"